culture,4430
books,3622
art,1847
psychology,1419
science,1157
philosophy,1140
history,1082
design,801
illustration,630
children's books,481
politics,457
creativity,418
music,408
letters,408
poetry,399
film,384
technology,299
animation,299
love,291
photography,290
vintage,276
writing,272
out of print,268
video,254
documentary,223
SoundCloud,184
diaries,176
TED,172
literature,167
knowledge,158
education,155
sustainability,153
omnibus,152
interview,149
innovation,149
happiness,147
data visualization,140
vintage children's books,124
public domain,122
remix,110
activism,110
women,106
LGBT,96
religion,95
world,92
language,83
advertising,72
social web,72
space,72
best of,69
Enchanted Lion,68
New York,66
collaboration,66
neuroscience,65
astronomy,65
media,63
health,63
The Universe in Verse,62
humor,60
food,58
Virginia Woolf,58
cities,56
lists,56
Susan Sontag,56
maps,55
software,50
Walt Whitman,49
Carl Sagan,48
typography,47
interviews,47
love letters,47
Albert Einstein,46
bizarre,45
sociology,43
Maurice Sendak,42
time,38
Debbie Millman,37
Anaïs Nin,36
Amanda Palmer,36
commencement,36
Maira Kalman,34
storytelling,33
Wendy MacNaughton,32
cookbooks,32
trees,32
fairy tales,31
street art,31
vintage books,31
Oliver Sacks,31
Janna Levin,31
NASA,30
Richard Feynman,30
charity,30
Neil Gaiman,30
Henry David Thoreau,30
gender,28
Rachel Carson,28
James Baldwin,27
Figuring,27
how-to,26
Patti Smith,26
free,26
Mark Twain,26
Taschen,26
Kurt Vonnegut,26
Lewis Carroll,26
Rebecca Solnit,26
Ursula K. Le Guin,26
E. B. White,25
Sylvia Plath,25
crowdsourcing,25
Princeton Architectural Press,25
Buddhism,25
Alice in Wonderland,24
advice,24
web,23
fashion,23
architecture,23
Edward Gorey,23
weird,22
graphic nonfiction,22
Tara Books,22
Hannah Arendt,22
Mary Oliver,22
Rilke,22
Design Matters,22
futurism,21
artist series,21
Charles Darwin,21
Ray Bradbury,21
Mark Batty Publisher,20
ominus,20
Italo Calvino,20
Bertrand Russell,20
BBC,19
geek,19
publishing,19
Emily Dickinson,19
Adrienne Rich,19
dogs,19
Alain de Botton,19
John Steinbeck,19
Maria Mitchell,19
jazz,18
business,18
guerrilla,18
Neil deGrasse Tyson,18
Vladimir Nabokov,18
daily routines,18
monday music muse,17
David Byrne,17
David Foster Wallace,17
brands,17
Salvador Dalí,17
ABC,17
bike,17
Ralph Waldo Emerson,17
TED-Ed,17
Steven Heller,16
Henry Miller,16
philanthropy,16
journalism,16
Gertrude Stein,16
Joan Didion,16
Edna St. Vincent Millay,16
Margaret Mead,16
Albert Camus,16
Groundwood Books,16
Stoicism,16
A Velocity of Being,16
grassroots,15
Charles Bukowski,15
green,15
Maya Angelou,15
Jack Kerouac,15
John Brockman,15
Diane Ackerman,15
Leo Tolstoy,15
William Blake,15
Anne Lamott,15
Nietzsche,15
Isaac Asimov,14
open-source,14
multimedia,14
Annie Dillard,14
design books,14
Alan Watts,14
James Joyce,14
comics,14
Jane Goodall,14
School of Life,14
notable reading lists,14
Shakespeare,13
TV,13
Flickr,13
Google,13
social media,13
e. e. cummings,13
George Orwell,13
Vincent van Gogh,13
Laurence King,13
Kahlil Gibran,13
David Whyte,13
James Gleick,13
Orlando,13
graffiti,12
blog-turned-book,12
Steven Johnson,12
occasional essays,12
Zadie Smith,12
Temujin Doran,12
Sophie Blackall,12
Frida Kahlo,12
Andy Warhol,12
Toni Morrison,12
Adam Phillips,12
Dr. Seuss,11
africa,11
Goethe,11
RSA Animate,11
John Updike,11
Gestalten,11
Aaron Koblin,11
Stephen Hawking,11
Søren Kierkegaard,11
Oscar Wilde,11
Ernest Hemingway,11
AsapSCIENCE,11
Edgar Allan Poe,11
Elizabeth Alexander,11
Paola Antonelli,10
Beatles,10
Hermann Hesse,10
F. Scott Fitzgerald,10
Marcel Proust,10
Marie Curie,10
Franz Kafka,10
Dani Shapiro,10
biography,10
Nobrow,10
Seneca,10
die-cut,10
Simone Weil,10
Beethoven,10
Olivier Tallec,10
Erich Fromm,10
Jane Hirshfield,10
Academy of American Poets,10
research,9
Simone de Beauvoir,9
Aldous Huxley,9
John Cage,9
T. S. Eliot,9
Eleanor Roosevelt,9
Martha Nussbaum,9
Freud,9
John Keats,9
Adam Gopnik,9
C. S. Lewis,9
Bill Moyers,9
Alan Lightman,9
Arthur Schopenhauer,9
pop-up books,9
Umberto Eco,9
Tove Jansson,9
Alexandra Horowitz,9
Anne Truitt,9
Georgia O'Keeffe,9
Oliver Jeffers,9
On Being,9
Wislawa Szymborska,9
Margaret Fuller,9
Iris Murdoch,9
Mary Shelley,9
Zen,9
emotion,8
Jorge Luis Borges,8
digital,8
Lisa Congdon,8
Horizon,8
awareness,8
creative,8
brain,8
anthropology,8
William James,8
Helen Keller,8
Julia Rothman,8
Brothers Grimm,8
Charles Dickens,8
William Faulkner,8
Galileo,8
Pablo Neruda,8
Leonard Bernstein,8
Joyce Carol Oates,8
Hans Ulrich Obrist,8
Ursula Nordstrom,8
Herman Melville,8
Jeanette Winterson,8
Hans Christian Andersen,8
Joe Hanson,8
Antoine de Saint-Exupéry,8
Isabelle Arsenault,8
Marcus Aurelius,8
Fyodor Dostoyevsky,8
Wendell Berry,8
parenting,8
Blank on Blank,8
Elizabeth Bishop,8
Henry Beston,8
Elizabeth Gilbert,8
W.H. Auden,8
Audre Lorde,8
Jonathan Cott,8
Ross Gay,8
blog book,7
Stephen Jay Gould,7
book spine poetry,7
Pomegranate,7
McLuhan,7
copyright,7
funny,7
Jonathan Harris,7
environment,7
aerial,7
urban,7
Richard Dawkins,7
Francis Bacon,7
Stefan Sagmeister,7
David Bowie,7
Viktor Frankl,7
Accurat,7
Alan Turing,7
Nellie Bly,7
Brian Cox,7
book,7
Bruce Lee,7
Jane Austen,7
George Eliot,7
Eudora Welty,7
Voltaire,7
J. R. R. Tolkien,7
Ada Lovelace,7
Vita Sackville-West,7
Anna Deavere Smith,7
Leonardo da Vinci,7
Paul Rand,7
René Descartes,7
memory,7
Isaac Newton,7
Freeman Dyson,7
Elizabeth Barrett Browning,7
Robert MacFarlane,7
Handy (Jam) Organization,6
Ted Hughes,6
Frank Lloyd Wright,6
parody,6
Dan Ariely,6
Eames,6
eco,6
interactive,6
Alfred Hitchcock,6
infographics,6
Vi Hart,6
MIT,6
sculpture,6
math,6
Margaret Atwood,6
Yoko Ono,6
Paula Scher,6
Andrew Zuckerman,6
Bob Dylan,6
H. G. Wells,6
Alice B. Toklas,6
Provensens,6
Walter Benjamin,6
Paul Holdengräber,6
Werner Herzog,6
E. O. Wilson,6
Flannery O'Connor,6
Cheryl Strayed,6
Pablo Picasso,6
resolutions,6
John Lennon,6
Jerome Bruner,6
Denise Levertov,6
StoryCorps,6
Tchaikovsky,6
Leonard Cohen,6
André Gide,6
Carson Ellis,6
libraries,6
Lewis Thomas,6
Abraham Lincoln,6
Marie Howe,6
PBS Off Book,5
nonprofit,5
Milton Glaser,5
Prelinger,5
Arthur C. Clarke,5
data,5
Christopher Hitchens,5
Abrams,5
William S. Burroughs,5
Lemony Snicket,5
R. Crumb,5
Malcolm Gladwell,5
Allen Ginsberg,5
Montaigne,5
Sherwood Anderson,5
Stephen King,5
Tomi Ungerer,5
Shel Silverstein,5
Agnes Martin,5
Anne Sexton,5
Willa Cather,5
David Ogilvy,5
Daniel Handler,5
NYPL,5
Billy Collins,5
Carl Jung,5
Kelli Anderson,5
James Thurber,5
Quentin Blake,5
Aristotle,5
Charlotte Brontë,5
Ralph Steadman,5
Lisbeth Zwerger,5
Ohara Hale,5
Eve Ensler,5
Chinua Achebe,5
Lisa Randall,5
nature,5
John Dewey,5
Sam Harris,5
Parker Palmer,5
Marina Abramovic,5
Mark Strand,5
A Rap on Race,5
John O'Donohue,5
Nikki Giovanni,5
Studs Terkel,5
Avi Ofer,5
May Sarton,5
Mary Wollstonecraft,5
Bill Hayes,5
Emily Levine,5
Frederick Douglass,5
Rebecca Elson,5
sports,4
recycling,4
consumerism,4
policy,4
Steve Jobs,4
solar,4
RSA,4
trends,4
furniture,4
FYI,4
shopping,4
earth,4
apps,4
random,4
news,4
George Bernard Shaw,4
Merce Cunningham,4
The Beatles,4
Muriel Rukeyser,4
Bruno Munari,4
Charles Babbage,4
Amelia Earhart,4
Sally Ride,4
Hunter S. Thompson,4
Benjamin Franklin,4
Jad Abumrad,4
Ira Glass,4
Dan Pink,4
Buckminster Fuller,4
A. A. Milne,4
bike love,4
Gay Talese,4
Jackson Pollock,4
Michael Pollan,4
Daniel Dennett,4
Jon Klassen,4
Ruth Krauss,4
Vera Rubin,4
Giselle Potter,4
Martin Luther King,4
Seamus Heaney,4
Roxane Gay,4
Duke Ellington,4
Brian Eno,4
Wanda Gág,4
Drew Christie,4
Lou Andreas-Salomé,4
Kevin Kelly,4
Joni Mitchell,4
Rebecca Goldstein,4
Blexbolex,4
Mihaly Csikszentmihalyi,4
Pico Iyer,4
Krista Tippett,4
W.E.B. Du Bois,4
Mozart,4
Shaun Tan,4
Paul Gauguin,4
Seung Sahn,4
Louise Bourgeois,4
Brené Brown,4
David Bohm,4
Helen Macdonald,4
Gwendolyn Brooks,4
Maria Konnikova,4
Charles Baudelaire,4
W. I. B. Beveridge,4
Alessandro Sanna,4
Caroline Herschel,4
Ann Hamilton,4
Rabindranath Tagore,4
Tracy K. Smith,4
Elizabeth Peabody,4
Octavia Butler,4
Nan Shepherd,4
Euclid,4
Johannes Kepler,4
William Godwin,4
Brian Greene,4
Jackie Morris,4
P2P,3
gift guide,3
trick,3
partnerships,3
Jer Thorp,3
Handmade Portraits,3
useful,3
nutrition,3
file-sharing,3
Neil Armstrong,3
city,3
cognitive,3
pscyhology,3
DIY,3
illustartion,3
Robert Graves,3
gadgets,3
Julia Child,3
Christoph Niemann,3
marketing,3
Ezra Pound,3
Douglas Rushkoff,3
Rudyard Kipling,3
Philip Glass,3
Walt Disney,3
Beck,3
Lynda Barry,3
Martha Graham,3
Philip K. Dick,3
Stephen Fry,3
Marilyn Monroe,3
Jim Henson,3
Joseph Conrad,3
Nora Ephron,3
Errol Morris,3
Massimo Vignelli,3
Robert Frost,3
W. B. Yeats,3
Ann Patchett,3
Coleridge,3
Susan Orlean,3
Andrei Tarkovsky,3
George Plimpton,3
Chip Kidd,3
Malcolm Cowley,3
Dorothy Parker,3
Andrew Sullivan,3
Seth Godin,3
Dan Savage,3
David Lynch,3
Coralie Bickford-Smith,3
Tennessee Williams,3
Quentin Bell,3
Eric Carle,3
Edith Windsor,3
Harry Clarke,3
Charlotte Zolotow,3
Lorenzo Mattotti,3
Joseph Brodsky,3
Shepard Fairey,3
Henry James,3
Lord Byron,3
Mark Rothko,3
Leonard Shlain,3
Folio Society,3
Rachel Sussman,3
Judy Blume,3
Anna Holmes,3
Diego Rivera,3
William Styron,3
Shonda Rhimes,3
Stefanie Posavec,3
E.F. Schumacher,3
John W. Gardner,3
Barbara Walters,3
Gaston Bachelard,3
Thomas Mann,3
Epictetus,3
Mary Ruefle,3
Emily Hughes,3
Meghan Daum,3
Jacqueline Woodson,3
Jane Jacobs,3
Charles Schulz,3
Marcelo Gleiser,3
Gabriel García Márquez,3
Thich Nhat Hanh,3
Joseph Campbell,3
Eugène Delacroix,3
Derek Walcott,3
JooHee Yoon,3
John F. Kennedy,3
Robin Wall Kimmerer,3
Werner Heisenberg,3
Grace Paley,3
Romain Rolland,3
Caroline Paul,3
Joseph Pintauro,3
Lucille Clifton,3
Henri Bergson,3
Isol,3
Sy Montgomery,3
commencement address,3
Arthur Rackham,3
Eadweard Muybridge,3
Nina Cosford,3
Zena Alkayat,3
Susanne Langer,3
Bill T. Jones,3
Lia Halloran,3
Erwin Chargaff,3
Alfred Kazin,3
Antonio Damasio,3
Rosanne Cash,3
Walter Lippmann,3
Jenni Desmond,3
John Muir,3
Nina Simone,3
Johannes Brahms,3
Santiago Ramón y Cajal,3
Rebecca West,3
Bach,3
Rollo May,3
Nathaniel Hawthorne,3
Etel Adnan,3
Martin Buber,3
Regina Spektor,3
Natalie Batalha,3
Elizebeth Friedman,3
Harriet Hosmer,3
Helen Fagin,3
Nick Cave,3
Jill Lepore,3
Stephon Alexander,3
Edward Carpenter,3
Lorraine Hansberry,3
Marilyn Nelson,3
Lisel Mueller,3
Ernst Haeckel,3
Natascha McElhone,3
Keith Haring,3
Bill Moggridge,2
Facebook,2
Saul Bass,2
consumer-generated,2
Corita Kent,2
customization,2
bicycle,2
obama,2
sustainabilty,2
Philly,2
email,2
illustrations,2
hipster,2
alternative lifestyle,2
Mary Karr,2
redux,2
Rizzoli,2
data viz,2
retail,2
iphone,2
remedy,2
Apple,2
Frank O'Hara,2
banksy,2
Jon Mooallem,2
Beijing,2
biomimicry,2
election,2
Marcel Duchamp,2
Alfred Nobel,2
energy,2
radiohead,2
Stanley Kubrick,2
Molly Crabapple,2
John Berger,2
dance,2
Joy Williams,2
Karl Marx,2
Chris Ware,2
Jonathan Lethem,2
Philip Pullman,2
Judith Butler,2
Berenice Abbott,2
Jessica Hische,2
H. P. Lovecraft,2
Alexander Graham Bell,2
Isabel Allende,2
MoMA,2
Ann Druyan,2
Vladimir Radunsky,2
Elvis Presley,2
vintage children's book,2
Jeanne Bendick,2
Star Wars,2
Raymond Chandler,2
Greil Marcus,2
Pete Seeger,2
Arthur Koestler,2
Gretchen Rubin,2
Benjamin Rush,2
journals,2
John Lithgow,2
George Lucas,2
Lord Chesterfield,2
Ai Weiwei,2
Alexandre Dumas,2
Henri Poincaré,2
Annie Leibovitz,2
Peter Brown,2
Victor Hugo,2
Peter Newell,2
Angela Duckworth,2
Janis Joplin,2
Norton Juster,2
Alice Munro,2
Terry Teachout,2
Paul Valéry,2
Marian Bantjes,2
André François,2
Lou Reed,2
Matt Kish,2
Dante,2
Peter Sis,2
Norman Mailer,2
David Hockney,2
92Y,2
Lisa Brown,2
Tara Brach,2
Alice Walker,2
William Grill,2
Saul Bellow,2
Austin Kleon,2
John Vernon Lord,2
Zelda Fitzgerald,2
Donald Barthelme,2
Madeleine L'Engle,2
Barry Schwartz,2
Jacob Bronowski,2
George Saunders,2
Lynne Tillman,2
Ronald Searle,2
Stefan G. Bucher,2
Leo Buscaglia,2
Meghan O'Rourke,2
Adam Smith,2
Henri Matisse,2
Roz Chast,2
Dorianne Laux,2
Emily Spivack,2
Theodor Adorno,2
Sherwin Nuland,2
Roald Dahl,2
Steven Pinker,2
Jean-Paul Sartre,2
Art Spiegelman,2
Pablo Casals,2
Marilynne Robinson,2
Elie Wiesel,2
Karen Armstrong,2
Judith Clay,2
Samuel Beckett,2
Pema Chödrön,2
Robert Walser,2
Ralph Ellison,2
Philip C. Stead,2
Lincoln Steffens,2
original readings,2
Giorgia Lupi,2
Plato,2
Sarah Manguso,2
Marianne Dubuc,2
Geoff Dyer,2
Blaise Pascal,2
Matthieu Ricard,2
Japan,2
Sylvia Boorstein,2
Lori Henriques,2
George Sand,2
Dalai Lama,2
Thom Gunn,2
Vivian Gornick,2
John Ruskin,2
Esther Sternberg,2
Gustave Doré,2
Josef Pieper,2
Marianne Moore,2
Norman Laliberté,2
Amin Maalouf,2
Jason Polan,2
Laura Carlin,2
Jane Kenyon,2
Billie Holiday,2
Chris Anderson,2
David Hume,2
Gloria Steinem,2
Akiko Miyakoshi,2
Donald Hall,2
Lauren Redniss,2
Alexander von Humboldt,2
Mac Barnett,2
Dasha Tolstikova,2
Brigid Brophy,2
David Eagleman,2
Anthony Burgess,2
Sarah Kay,2
Brandon Stanton,2
Louise Glück,2
Donald Winnicott,2
Ann Rand,2
Sean Carroll,2
Primo Levi,2
Mary McCarthy,2
Barack Obama,2
Jan Morris,2
Harry Harlow,2
Deborah Blum,2
Étienne Léopold Trouvelot,2
Olivia Laing,2
Amiri Baraka,2
Jocelyn Bell Burnell,2
Dava Sobel,2
Colette,2
Boris Pasternak,2
Kurt Gödel,2
Elena Ferrante,2
Lise Meitner,2
John Lewis,2
Mary Somerville,2
Émilie du Châtelet,2
Emma Converse,2
Dylan Thomas,2
Laura Riding,2
Clara Schumann,2
Wolfgang Pauli,2
D.H. Lawrence,2
Lillian R. Lieber,2
Marcus du Sautoy,2
Meryl Streep,2
Loren Eiseley,2
Cecilia Payne,2
Robert Penn Warren,2
Max Richter,2
Sam Shepard,2
Alice James,2
eclipse,2
Jacqueline Ayer,2
Václav Havel,2
Robert Browning,2
Pattiann Rogers,2
Béatrice Alemagna,2
Germaine de Staël,2
Sappho,2
Terry Tempest Williams,2
Theodore Roosevelt,2
Norbert Wiener,2
Yo-Yo Ma,2
Vienna Circle,2
Emil Cioran,2
Anne Gilchrist,2
Sarah Stone,2
John Herschel,2
Edward Weston,2
Percy Bysshe Shelley,2
Arthur Eddington,2
David Abram,2
Ping Zhu,2
Ben Folds,2
Olga Jacoby,2
M.C. Richards,2
Josh Groban,2
Chuck Nice,2
Leland Melvin,2
Paul Klee,2
psycholgy,1
innovaton,1
grassrots,1
grassrooths,1
Robert Sapolsky,1
t,1
Drawn and Quarterly,1
cutlure,1
S,1
cultue,1
arts,1
NewYork,1
don,1
untrivia,1
hisotry,1
Alexis de Tocqueville,1
viral,1
technolog,1
water,1
Amazon,1
Hitchens,1
Louise Fili,1
Molly Oldfield,1
flm,1
Red Clover Press,1
absurd,1
Gore Vidal,1
politis,1
bike sharing,1
Firefox,1
beta,1
LEGO,1
Wilhelm Reich,1
Michio Kaku,1
crowdsouring,1
Mike Wallace,1
sciece,1
awesome,1
Noam Chomsky,1
Previously unseen photographs from one of cinema's greatest movies,1
alertness,1
word-of-mouth,1
invterview,1
Edwin Land,1
Paul Chan,1
Frank Gehry,1
Harper Lee,1
Igor Stravinsky,1
Charlie Chaplin,1
Carl Marx,1
PopTech,1
Susan Cain,1
Sesame Street,1
audio,1
Thomas Nagel,1
Oxford University Press,1
Don Quixote,1
Nanette Vonnegut,1
Thomas Jefferson,1
Fiona Apple,1
Stendhal,1
Dave Eggers,1
Spike Jonze,1
Ravi Shankar,1
Leo Lerman,1
Chuck Close,1
Charles Olson,1
Terry Gross,1
Charles Addams,1
Hillman Curtis,1
Bill Cosby,1
Aaron Swartz,1
Robert Burns,1
Richard Burton,1
John Donne,1
Tagore,1
Gandhi,1
Yan Nascimbene,1
Jules Verne,1
Thomas Edison,1
Kenneth Goldsmith,1
Betty Friedan,1
Kurt Cobain,1
Mary Gordon,1
James Dickey,1
Eileen Mayo,1
Nina Katchadourian,1
Leo Tolsoy,1
Herbert Spencer,1
Sister Rosetta Tharpe,1
Harold Bloom,1
Henry Dreyfuss,1
Abraham Maslow,1
Roger Ebert,1
Jim Holt,1
Tom O'Bedlam,1
William Wordsworth,1
Lawrence Krauss,1
Dorion Sagan,1
Basquiat,1
Mary Thom,1
Maria Clara Eimmart,1
Clare Boothe Luce,1
Kio Stark,1
Bill Watterson,1
Arianna Huffinton,1
Scott Belsky,1
Kerri Augenstein,1
James Earl Jones,1
Lawrence Weiner,1
Oprah,1
Amiel,1
Baba Brinkman,1
Roland Barthes,1
Aung San Suu Kyi,1
Hart Crane,1
James Gandolfini,1
Ken Burns,1
George Washington,1
Ken Robinson,1
Kevin Stanton,1
Robert Henri,1
Alfred Wertheimer,1
Ian Fleming,1
Gerald Rose,1
Barbara Cooney,1
Daniel Tammet,1
Little Golden Books,1
Homer,1
Paul Bartsch,1
Jessie Hartland,1
Josef Albers,1
James Geary,1
Miroslav Sasek,1
Elmore Leonard,1
William Whyte,1
Richard Diebenkorn,1
James Beard,1
Michael Lewis,1
Graham Wallas,1
Nancy Duarte,1
John Locke,1
John Chris Jones,1
J. D. Salinger,1
David Shields,1
Clive Thompson,1
Washington Irving,1
Samuel Johnson,1
Maria Sibylla Merian,1
Arthur Conan Doyle,1
Naomi Wolf,1
James Watson,1
John Masefield,1
Scott Campbell,1
Jules Feiffer,1
Liberace,1
Peter Kuper,1
Anne Frank,1
Joshua Foer,1
Irving Geis,1
Wynton Marsalis,1
Mendel,1
John Eaton,1
Daniel Kahneman,1
Naomi Woolf,1
Candy Chang,1
Lotta Nieminen,1
Dorothea Lange,1
Kay Nielsen,1
Fritz Kahn,1
Vivian Maier,1
Rube Goldberg,1
Nelson Mandela,1
Carl Zimmer,1
Kenneth Patchen,1
Keith Richards,1
Enrico Arno,1
Benjamin Lacombe,1
Jessica Helfand,1
Joseph Heller,1
Daniel Goleman,1
Carol Dweck,1
John Milton,1
Peter Orlovsky,1
Neil Giaman,1
Martin Seligman,1
Tiffany Shlain,1
Selden Rodman,1
Leo Lionni,1
Ben Shecter,1
Annemarie Roeper,1
Ernest Shackleton,1
Robert Lindner,1
Mary Gaitskill,1
Vanessa Hill,1
Stewart Brand,1
Steve Powers,1
Anna Quindlen,1
Mary Roach,1
Djuna Barnes,1
Chris Hadfield,1
Nikki McClure,1
Bob Mankoff,1
Saul Steinberg,1
F. Scott Fizgerald,1
Jane Dorn,1
Tom Gauld,1
Wizard of Oz,1
Mary Blair,1
Anthony Trollope,1
Carson McCullers,1
Pixar,1
Sam Kean,1
Allen Crawford,1
Balzac,1
Gus Gordon,1
Mimmo Paladino,1
Jody Williams,1
Bill Bryson,1
Wassily Kandinsky,1
Rob Walker,1
Marshall McLuhan,1
Paul Otlet,1
Mark Vernon,1
Daniel Gilbert,1
John Cleese,1
Carole King,1
Paul Graham,1
Randall Enos,1
Swami Vivekananda,1
Truman Capote,1
Florence King,1
Manuel Lima,1
Elinor Wachtel,1
Lynd Ward,1
Jill Tarter,1
Sir David Attenborough,1
Louis Armstrong,1
Nina Paley,1
Tim Berners Lee,1
William Gibson,1
Sally Kohn,1
Eugene O'Neill,1
Jacques Monod,1
Liniers,1
House of Anansi,1
Lena Dunham,1
Nate Silver,1
Taro Yashima,1
Olimpia Zagnoli,1
Bill Evans,1
Ben Schott,1
Bruce Springsteen,1
Julie Paschkis,1
Lucinda Williams,1
Bill Nye,1
fiction,1
Ted Turner,1
Vanessa Redgrave,1
Amanda Hall,1
Walter Isaacson,1
Joanna Macy,1
Marla Frazee,1
Pearl S. Buck,1
Robert Moses,1
John Maeda,1
David Steindl-Rast,1
Wole Soyinka,1
Teresita Fernández,1
Tom Stoppard,1
Paul Goodman,1
Patrick McDonnell,1
LBGT,1
Maya Deren,1
Katsumi Komagata,1
Renata Liwska,1
D.T. Suzuki,1
Astra Taylor,1
op-ed,1
David Carr,1
Helen Fisher,1
Tom Seidmann-Freud,1
Elias Canetti,1
lit,1
Terry Pratchett,1
Hilary Knight,1
Renata Adler,1
Nadine Gordimer,1
Sarah Lewis,1
Anna Atkins,1
Frank Viva,1
Benji Davies,1
Heidi Julavits,1
David Brooks,1
Jon Kabat-Zinn,1
Maria Bello,1
Margaret Wertheim,1
Sigrid Nunez,1
Tom Wolfe,1
Jean-François Revel,1
William Zinsser,1
Michael Katakis,1
Daniel Kahnemann,1
Edward Abbey,1
John Waters,1
Nikola Tesla,1
Beatrix Potter,1
Melissa Pritchard,1
Michelangelo,1
Tomie dePaola,1
animated,1
Michael Rosen,1
Owen Davey,1
Hegel,1
Jared Diamond,1
Margo Jefferson,1
Joan Miró,1
Paul O. Zelinsky,1
Michael Faraday,1
Irvin Yalom,1
Jiddu Krishnamurti,1
Alison Gopnik,1
Philip Zimbardo,1
Milan Kundera,1
philosphy,1
Ben Hecht,1
Moses Maimonides,1
Alain Badiou,1
Margaret Wise Brown,1
Leonard Weisgard,1
Nicole Krauss,1
Paul Cézanne,1
Norman Rockwell,1
Tallulah Bankhead,1
Gustav Mahler,1
Anne-Marie Slaughter,1
John Cowper Powys,1
Thomas Wolfe,1
Andrea Wulf,1
Aubrey Beardsley,1
Paul Davies,1
A.M. Homes,1
Amy Cuddy,1
Willem de Kooning,1
Felix Mendelssohn,1
Rosa Parks,1
Dmitry Mendeleev,1
Edith Wharton,1
Adam Grant,1
Fleur Adcock,1
James Joseph Sylvester,1
Robert Lowell,1
Havelock Ellis,1
rare books,1
Seymour Chwast,1
Carlo Rovelli,1
Plutarch,1
Charlotte Pardi,1
psychololgy,1
Janna Malamud Smith,1
Junot Díaz,1
Félix Nadar,1
Robert Mapplethorpe,1
John Irving,1
Thornton Wilder,1
Amy Novesky,1
Sydney Smith,1
Cicero,1
Wendy Lesser,1
Erin C. Stead,1
Martin Heidegger,1
Graham Greene,1
Countee Cullen,1
James Wright,1
Amy Clampitt,1
Wolf Erlbruch,1
Alison Bechdel,1
Galway Kinnell,1
Kate Tempest,1
GAN,1
Carrie Mae Weems,1
Suzanne Corkin,1
Dorothy Day,1
Bessel van der Kolk,1
Skye Cleary,1
Marie Bullock,1
Peter Hujar,1
Johnny Cash,1
Ed Yong,1
Shantell Martin,1
reading lists,1
Christopher Morley,1
Yayoi Kusama,1
John Archibald Wheeler,1
Claude Shannon,1
Sam Winston,1
Ta-Nehisi Coates,1
Jennifer Egan,1
Sol LeWitt,1
Teju Cole,1
Mary Catherine Bateson,1
Langston Hughes,1
Orson Welles,1
Ian McEwan,1
Jacob Needleman,1
Esther Perel,1
Thore,1
Sharon Salzberg,1
Lao Tzu,1
Ben Shahn,1
Hillary Clinton,1
Radclyffe Hall,1
Naomi Shihab Nye,1
Judy Chicago,1
H.L. Mencken,1
Marina Tsvetaeva,1
Jonathan Lear,1
Sally Mann,1
Eileen Myles,1
Siddhartha Mukherjee,1
Tim Ferriss,1
Ann Lauterbach,1
John Cheever,1
Mary Haskell,1
Peter L. Berger,1
Karl Popper,1
Steven Weinberg,1
Anne Wortham,1
Frieda Fromm-Reichmann,1
Sophie Germain,1
Gauss,1
Michal Levy,1
Misuzu Kaneko,1
Mahatma Gandhi,1
Amy Krouse Rosenthal,1
Louis Braille,1
William Kingdon Clifford,1
Cynthia Nixon,1
Stanley Kunitz,1
Sarah Jones,1
Courtney Martin,1
Christof Koch,1
Wallace Stevens,1
Vija Celmins,1
Rose-Lynn Fisher,1
Laura Huxley,1
Thomas Browne,1
Mabel Loomis Todd,1
John Quincy Adams,1
Alan Burdick,1
Richard Jefferies,1
L.A. Paul,1
Caitlin Moran,1
Florence Nightingale,1
Frank Ostaseski,1
Marion Milner,1
Thomas Merton,1
Enrico Fermi,1
David George Haskell,1
Clifford Johnson,1
Kenneth Grahame,1
Joy Sorman,1
Niels Bohr,1
Hans Cloos,1
Ashley Bryan,1
Hilton Als,1
Das Hammarskjöld,1
happiess,1
Daniel Salmieri,1
Henrietta Leavitt,1
Margaret Cook,1
Lynn Margulis,1
J.D. McClatchy,1
Thomas Carlyle,1
America Ferrera,1
G.H. Hardy,1
Pythagoras,1
John Cameron Mitchell,1
Egon Schiele,1
Michael McCarthy,1
Amanda Stern,1
Terrance Hayes,1
Elfriede Abbe,1
Jane Walsh Carlyle,1
Buddism,1
Sophia Peabody,1
Rita Dove,1
Zoe Keating,1
Joseph Priestley,1
Christian Robinson,1
Otto Neurath,1
Bram Stoker,1
Thomas Huxley,1
Sean Ono Lennon,1
Roald Hoffmann,1
W.S. Merwin,1
Maurice Bucke,1
Britta Teckentrup,1
Aleksander Wat,1
Lauren Elkin,1
Wangari Maathai,1
Alexander Chee,1
John Stuart Mill,1
Harriet Taylor,1
Thomas Bernhard,1
Marc Wittmann,1
Molly Malone Cook,1
Jozef Czapski,1
Art Young,1
Ptolemy,1
Margaret Nazon,1
Gordon Hempton,1
Sergio Ruzzier,1
Mariahadessa Ekere Tallie,1
Grant Snider,1
Edmund Burke,1
Howard Nemerov,1
Wilson Bentley,1
Neri Oxman,1
Elsie Clews Parsons,1
Emily Wells,1
Ella Wheeler Wilcox,1
Natalie Diaz,1
Richard Avedon,1
Rainer Maria Rilke,1
Sophie Scholl,1
Morley,1
Paola Prestini,1
Cécile McLorin Salvant,1
Octavio Paz,1
Ronald McNair,1
Leibniz,1
Elizabeth Blackwell,1
Matthew Burgess,1
Marissa Davis,1
Susan B. Anthony,1
Carl Sandburg,1
John McPhee,1
Jacqueline Novogratz,1
Leonard Michaels,1
Rene Daumal,1
Ruth Bader Ginsburg,1
Anne Carson,1
Ellen Bass,1
Meshell Ndegeocello,1
George Edwards,1
Joseph Cornell,1
Alfred Russel Wallace,1
Meshell Ddegeocello,1
George Santayana,1
Ethel Smyth,1
Ronald Barthes,1
Si Lewen,1
Edwin Hubble,1
Confucius,1
